{
  "tracker_broadcast": {
    "type": "array",
    "orientation": "vertical",
    "margin": "0,0",
    "content": [
      {
        "type": "array",
        "orientation": "horizontal",
        "margin": "0,0",
        "content": [
          {
            "type": "itemgrid",
            "item_margin": "3,3",
            "v_alignment": "center",
            "item_size": 32,
            "rows": [
              [ "tablet1", "tablet2", "tablet3", "tablet4", "exdeath", "w2open", "w3open" ],
              [ "pyramidpage", "shrinepage", "trenchpage", "fallspage", "walsekey", "steamshipkey", "subkey", "bridgekey" ],
              [ "fire", "bait", "adamantite", "hiryuu", "branch", "moogle", "antibrace", "radar" ]
                ]
          }
        ]
      }
    ]
  }
}
