{
  "tracker_broadcast": {
    "type": "array",
    "orientation": "vertical",
    "margin": "0,0",
    "content": [
      {
        "type": "array",
        "orientation": "horizontal",
        "margin": "0,0",
        "content": [
          {
            "type": "itemgrid",
            "item_margin": "3,3",
            "v_alignment": "center",
            "item_size": 32,
            "rows": [
              [ "tablet1", "pyramidpage", "walsekey", "fire", "hiryuu" ],
              [ "tablet2", "shrinepage", "steamshipkey", "bait", "moogle" ],
              [ "tablet3", "trenchpage", "subkey", "adamantite", "antibrace" ],
              [ "tablet4", "fallspage", "bridgekey", "branch", "radar" ]
                ]
          }
        ]
      },
      {
        "type": "array",
        "orientation": "horizontal",
        "margin": "0,0",
        "content": [
          {
            "type": "itemgrid",
            "item_margin": "3,3",
            "v_alignment": "center",
            "item_size": 32,
            "rows": [
              [ "wingraptor", "karlabos", "siren", "magisa", "galura" ],
              [ "shiva", "liquidflame", "ironclaw", "sandworm", "adamant" ],
              [ "ifrit", "byblos", "crayclaw", "solcannon", "archaeavis" ],
              [ "chimbrain", "titan", "puroboros", "abductor", "hiryuuplant" ],
              [ "gilga1", "gilga2", "gilga3", "gilga4", "tyrasaurus" ],
              [ "guardian", "atomos", "carbunkle", "exdeath", "antlion", ],
              [ "merugene", "fork", "stalker", "triton", "odin" ],
              [ "gogo", "leviathan", "bahamut", "w2open", "w3open" ]
                ]
          }
        ]
      },
      {
        "type": "array",
        "orientation": "horizontal",
        "margin": "0,0",
        "content": [
          {
            "type": "itemgrid",
            "item_margin": "3,3",
            "v_alignment": "left",
            "item_size": 32,
            "rows": [
              [ "chancellor", "zokk", "karnakscholar", "guido", "walsescholar" ],
              [ "woman", "kelgar", "balwizard", "muawizard", "rugorwizard" ],
              [ "dwarf3", "mirage2" ]
                ]
          }
        ]
      }
    ]
  }
}
